id,slug,title,category,difficulty,is_free,read_time,published_at
fc2a6c6d-5de5-4f2d-9bc0-39a587eb6cef,esp32-fundamentals.html,Panduan Lengkap ESP32,ESP32,pemula,true,15,2026-06-20
a2e03c38-677d-4415-951d-f3076d6ad876,mqtt-protocol.html,Protokol MQTT Panduan Lengkap,Protokol,menengah,true,13,2026-06-06
0e58142b-75e1-441c-8cdd-3e930224c4e1,mikrotik-routing.html,Konfigurasi Routing MikroTik,MikroTik,menengah,true,12,2026-06-18
310471ea-4f0e-4ebf-8a95-adbea63d9c79,lora-communication.html,Jaringan Sensor LoRa,LoRa,menengah,true,10,2026-06-15
2acda52a-358b-49ba-a777-4786a62dd750,esp8266-nodemcu.html,ESP8266 NodeMCU untuk Pemula,ESP8266,pemula,true,10,2026-06-07
da6ceece-d92c-4600-8a9c-a35bd539ea2d,python-iot-automation.html,Otomasi IoT dengan Python,Python,pemula,false,8,2026-06-12
79e37bc9-3c78-4c2b-ba04-0e6ff6fe0256,network-security.html,Keamanan Jaringan IoT,Keamanan,lanjut,false,14,2026-06-10
b42ee88c-4070-4d27-9abd-44fb4f9eb764,dashboard-monitoring.html,Dashboard Monitoring Real-time,Dashboard,menengah,false,11,2026-06-08
67bf32af-ed2a-4de3-8d3d-466fbec1c93c,sensor-dht-esp32.html,Sensor DHT11/DHT22 dengan ESP32,Sensor,pemula,false,8,2026-06-05
220fa387-f5ff-44d7-9c3d-16288be21b37,raspberry-pi-iot.html,Raspberry Pi untuk IoT,Raspberry Pi,menengah,false,15,2026-06-04
fa3b5d51-0d87-47cc-b029-229c259f43b6,firebase-iot.html,Firebase untuk IoT,Cloud,menengah,false,12,2026-06-03
29efacd1-6ad4-4c68-a509-fac95ec8c8cf,mikrotik-firewall.html,MikroTik Firewall,MikroTik,lanjut,false,16,2026-06-02
1dea1d1a-6055-499b-975a-f75be3cbb709,telegram-bot-iot.html,Telegram Bot untuk IoT,IoT,pemula,false,9,2026-06-01
d162c623-5487-4925-82c6-e8243e9fded6,web-server-esp32.html,Web Server di ESP32,ESP32,menengah,false,11,2026-05-30
d8050355-3c84-4ff7-913d-b019dc7ad6a0,iot-protocols-comparison.html,Perbandingan Protokol IoT,Protokol,lanjut,false,14,2026-05-29
8595f49d-ab06-4ec2-ab35-1e374463e29e,deep-sleep-esp32.html,ESP32 Deep Sleep,ESP32,pemula,false,7,2026-05-28
8b15df97-fce7-4272-8459-5d2645d0f69b,arduino-ide-setup.html,Arduino IDE 2.x Setup,Tools,pemula,false,6,2026-05-27
cfcac867-537a-4088-bcba-dd19b527a928,node-red-iot.html,Node-RED untuk IoT,Dashboard,menengah,false,12,2026-05-26
eb5a8af0-421d-43ec-b7a2-8207a1befa73,grafana-influxdb.html,Grafana + InfluxDB,Dashboard,menengah,false,13,2026-05-25
02f3e93d-c380-4611-a15d-53ee27f512d7,mikrotik-queue.html,MikroTik Queue,MikroTik,menengah,false,14,2026-05-24
cd7727c9-80d7-45c9-8c2d-18d472c645d2,blynk-iot.html,Blynk IoT Mobile App,IoT,pemula,false,8,2026-05-23